{
  "version": "2",
  "plugins": [
    {
      "name": "py",
      "wasm": {
        "url": "https://downloads.sqlc.dev/plugin/sqlc-gen-python_1.0.0.wasm",
        "sha256": "aca83e1f59f8ffdc604774c2f6f9eb321a2b23e07dc83fc12289d25305fa065b"
      }
    }
  ],
  "sql": [
    {
      "schema": "../authors/postgresql/schema.sql",
      "queries": "../authors/postgresql/query.sql",
      "engine": "postgresql",
      "codegen": [
        {
          "out": "src/authors",
          "plugin": "py",
          "options": {
            "package": "authors",
            "emit_sync_querier": true,
            "emit_async_querier": true,
            "query_parameter_limit": 5
          }
        }
      ]
    },
    {
      "schema": "../booktest/postgresql/schema.sql",
      "queries": "../booktest/postgresql/query.sql",
      "engine": "postgresql",
      "codegen": [
        {
          "out": "src/booktest",
          "plugin": "py",
          "options": {
            "package": "booktest",
            "emit_async_querier": true,
            "query_parameter_limit": 5
          }
        }
      ]
    },
    {
      "schema": "../jets/schema.sql",
      "queries": "../jets/query-building.sql",
      "engine": "postgresql",
      "codegen": [
        {
          "out": "src/jets",
          "plugin": "py",
          "options": {
            "package": "jets",
            "emit_async_querier": true,
            "query_parameter_limit": 5
          }
        }
      ]
    },
    {
      "schema": "../ondeck/postgresql/schema",
      "queries": "../ondeck/postgresql/query",
      "engine": "postgresql",
      "codegen": [
        {
          "out": "src/ondeck",
          "plugin": "py",
          "options": {
            "package": "ondeck",
            "emit_async_querier": true,
            "query_parameter_limit": 5
          }
        }
      ]
    }
  ]
}
