{
  "version": "2",
  "sql": [
    {
      "schema": "postgresql/schema.sql",
      "queries": "postgresql/query.sql",
      "engine": "postgresql",
      "gen": {
        "go": {
          "package": "authors",
          "out": "postgresql"
        }
      }
    },
    {
      "schema": "mysql/schema.sql",
      "queries": "mysql/query.sql",
      "engine": "mysql",
      "gen": {
        "go": {
          "package": "authors",
          "out": "mysql"
        }
      }
    },
    {
      "schema": "sqlite/schema.sql",
      "queries": "sqlite/query.sql",
      "engine": "sqlite",
      "gen": {
        "go": {
          "package": "authors",
          "out": "sqlite"
        }
      }
    }
  ]
}