{
  "version": "1",
  "packages": [
    {
      "name": "booktest",
      "path": "postgresql",
      "schema": "postgresql/schema.sql",
      "queries": "postgresql/query.sql",
      "engine": "postgresql"
    },
    {
      "name": "booktest",
      "path": "mysql",
      "schema": "mysql/schema.sql",
      "queries": "mysql/query.sql",
      "engine": "mysql"
    },
    {
      "name": "booktest",
      "path": "sqlite",
      "schema": "sqlite/schema.sql",
      "queries": "sqlite/query.sql",
      "engine": "sqlite"
    }
  ]
}